file,sheet,cell,code,prefix,number,suffix,rule_status,source_text
荃湾站控制完成情况withphotorecord.xlsx,低压柜501,C3,H1,H,1,,base,H1
荃湾站控制完成情况withphotorecord.xlsx,低压柜501,C4,H2,H,2,,base,H2
荃湾站控制完成情况withphotorecord.xlsx,低压柜501,C5,J1,J,1,,base,J1
荃湾站控制完成情况withphotorecord.xlsx,低压柜501,C6,J2,J,2,,base,J2
荃湾站控制完成情况withphotorecord.xlsx,低压柜501,C7,J3,J,3,,base,J3
荃湾站控制完成情况withphotorecord.xlsx,低压柜501,C8,J4,J,4,,base,J4
荃湾站控制完成情况withphotorecord.xlsx,低压柜501,C9,K111B2,K,111,B2,base,K111B2
荃湾站控制完成情况withphotorecord.xlsx,低压柜501,C10,K113B2,K,113,B2,base,K113B2
荃湾站控制完成情况withphotorecord.xlsx,低压柜501,C13,K9,K,9,,base,K9
荃湾站控制完成情况withphotorecord.xlsx,低压柜501,C14,K21,K,21,,base,K21
荃湾站控制完成情况withphotorecord.xlsx,低压柜501,C15,K1,K,1,,base,K1
荃湾站控制完成情况withphotorecord.xlsx,低压柜501,C16,K3,K,3,,base,K3
荃湾站控制完成情况withphotorecord.xlsx,低压柜501,C17,K33,K,33,,base,K33
荃湾站控制完成情况withphotorecord.xlsx,低压柜501,C18,K41,K,41,,base,K41
荃湾站控制完成情况withphotorecord.xlsx,低压柜501,C19,K41,K,41,,base,K41
荃湾站控制完成情况withphotorecord.xlsx,低压柜501,C20,K53,K,53,,base,K53
荃湾站控制完成情况withphotorecord.xlsx,低压柜501,C21,K57,K,57,,base,K57
荃湾站控制完成情况withphotorecord.xlsx,低压柜501,C22,U1,U,1,,base,U1
荃湾站控制完成情况withphotorecord.xlsx,低压柜501,C23,U2,U,2,,base,U2
荃湾站控制完成情况withphotorecord.xlsx,低压柜501,C26,X110,X,110,,base,X110
荃湾站控制完成情况withphotorecord.xlsx,低压柜501,C27,X114,X,114,,base,X114
荃湾站控制完成情况withphotorecord.xlsx,低压柜501,C28,X4,X,4,,base,X4
荃湾站控制完成情况withphotorecord.xlsx,低压柜501,C29,X6,X,6,,base,X6
荃湾站控制完成情况withphotorecord.xlsx,低压柜501,C30,X8,X,8,,base,X8
荃湾站控制完成情况withphotorecord.xlsx,低压柜501,C31,X10,X,10,,base,X10
荃湾站控制完成情况withphotorecord.xlsx,低压柜501,C32,X18B2,X,18,B2,base,X18B2
荃湾站控制完成情况withphotorecord.xlsx,低压柜501,C33,X24B3,X,24,B3,base,X24B3
荃湾站控制完成情况withphotorecord.xlsx,低压柜501,C34,X26B3,X,26,B3,base,X26B3
荃湾站控制完成情况withphotorecord.xlsx,低压柜501,C35,X32B2,X,32,B2,base,X32B2
荃湾站控制完成情况withphotorecord.xlsx,低压柜501,C36,X34B2,X,34,B2,base,X34B2
荃湾站控制完成情况withphotorecord.xlsx,低压柜501,C37,X36D,X,36,D,base,X36D
荃湾站控制完成情况withphotorecord.xlsx,低压柜501,C38,X38D,X,38,D,base,X38D
荃湾站控制完成情况withphotorecord.xlsx,低压柜501,C39,W41B3,W,41,B3,base,W41B3
荃湾站控制完成情况withphotorecord.xlsx,低压柜501,C40,W42B3,W,42,B3,base,W42B3
荃湾站控制完成情况withphotorecord.xlsx,低压柜501,C41,W43B3,W,43,B3,base,W43B3
荃湾站控制完成情况withphotorecord.xlsx,低压柜501,C42,K23B2,K,23,B2,base,K23B2
荃湾站控制完成情况withphotorecord.xlsx,低压柜501,C43,K17B2,K,17,B2,base,K17B2
荃湾站控制完成情况withphotorecord.xlsx,低压柜501,C44,K19B2,K,19,B2,base,K19B2
荃湾站控制完成情况withphotorecord.xlsx,低压柜501,C45,X16A2,X,16,A2,base,X16A2
荃湾站控制完成情况withphotorecord.xlsx,低压柜501,C46,K17A2,K,17,A2,base,K17A2
荃湾站控制完成情况withphotorecord.xlsx,低压柜501,C47,K19A2,K,19,A2,base,K19A2
荃湾站控制完成情况withphotorecord.xlsx,低压柜501,C48,K35C,K,35,C,base,K35C
荃湾站控制完成情况withphotorecord.xlsx,低压柜501,C49,K19C,K,19,C,base,K19C
荃湾站控制完成情况withphotorecord.xlsx,低压柜501,C51,K17C,K,17,C,base,K17C
荃湾站控制完成情况withphotorecord.xlsx,低压柜501,C52,K41C,K,41,C,base,K41C
荃湾站控制完成情况withphotorecord.xlsx,低压柜501,C53,K45C,K,45,C,base,K45C
荃湾站控制完成情况withphotorecord.xlsx,低压柜501,C54,K15C,K,15,C,base,K15C
荃湾站控制完成情况withphotorecord.xlsx,低压柜501,C55,K21C,K,21,C,base,K21C
荃湾站控制完成情况withphotorecord.xlsx,低压柜501,C57,K59C,K,59,C,base,K59C
荃湾站控制完成情况withphotorecord.xlsx,低压柜501,C58,K37C,K,37,C,base,K37C
荃湾站控制完成情况withphotorecord.xlsx,低压柜501,C59,K39C,K,39,C,base,K39C
荃湾站控制完成情况withphotorecord.xlsx,低压柜501,C60,K41A3,K,41,A3,base,K41A3
荃湾站控制完成情况withphotorecord.xlsx,低压柜501,C61,K45A3,K,45,A3,base,K45A3
荃湾站控制完成情况withphotorecord.xlsx,低压柜501,C62,K15B3,K,15,B3,base,K15B3
荃湾站控制完成情况withphotorecord.xlsx,低压柜501,C63,K17B3,K,17,B3,base,K17B3
荃湾站控制完成情况withphotorecord.xlsx,低压柜501,C64,K41B3,K,41,B3,base,K41B3
荃湾站控制完成情况withphotorecord.xlsx,低压柜501,C65,K45B3,K,45,B3,base,K45B3
荃湾站控制完成情况withphotorecord.xlsx,低压柜501,C66,K9B1,K,9,B1,base,K9B1
荃湾站控制完成情况withphotorecord.xlsx,低压柜501,C67,K21B1,K,21,B1,base,K21B1
荃湾站控制完成情况withphotorecord.xlsx,高压柜301,C3,K9,K,9,,base,K9
荃湾站控制完成情况withphotorecord.xlsx,高压柜301,C4,K21,K,21,,base,K21
荃湾站控制完成情况withphotorecord.xlsx,高压柜301,C5,K41,K,41,,base,K41
荃湾站控制完成情况withphotorecord.xlsx,高压柜301,C6,K53,K,53,,base,K53
荃湾站控制完成情况withphotorecord.xlsx,高压柜301,C7,K33,K,33,,base,K33
荃湾站控制完成情况withphotorecord.xlsx,高压柜301,C8,K3,K,3,,base,K3
荃湾站控制完成情况withphotorecord.xlsx,高压柜301,C9,K1,K,1,,base,K1
荃湾站控制完成情况withphotorecord.xlsx,RTU柜,C3,W43B3,W,43,B3,base,W43B3
荃湾站控制完成情况withphotorecord.xlsx,RTU柜,C4,W41B3,W,41,B3,base,W41B3
荃湾站控制完成情况withphotorecord.xlsx,RTU柜,C5,W42B3,W,42,B3,base,W42B3
荃湾站控制完成情况withphotorecord.xlsx,RTU柜,C6,X24B3,X,24,B3,base,X24B3
荃湾站控制完成情况withphotorecord.xlsx,RTU柜,C7,X26B3,X,26,B3,base,X26B3
荃湾站控制完成情况withphotorecord.xlsx,RTU柜,C8,X34B2,X,34,B2,base,X34B2
荃湾站控制完成情况withphotorecord.xlsx,RTU柜,C9,X32B2,X,32,B2,base,X32B2
荃湾站控制完成情况withphotorecord.xlsx,RTU柜,C10,X36D,X,36,D,base,X36D
荃湾站控制完成情况withphotorecord.xlsx,RTU柜,C11,X38D,X,38,D,base,X38D
荃湾站控制完成情况withphotorecord.xlsx,RTU柜,C12,X18B2,X,18,B2,base,X18B2
荃湾站控制完成情况withphotorecord.xlsx,RTU柜,C13,X10,X,10,,base,X10
荃湾站控制完成情况withphotorecord.xlsx,RTU柜,C14,X8,X,8,,base,X8
荃湾站控制完成情况withphotorecord.xlsx,RTU柜,C15,X6,X,6,,base,X6
荃湾站控制完成情况withphotorecord.xlsx,RTU柜,C16,X4,X,4,,base,X4
荃湾站控制完成情况withphotorecord.xlsx,RTU柜,C17,X114,X,114,,base,X114
荃湾站控制完成情况withphotorecord.xlsx,RTU柜,C18,X110,X,110,,base,X110
荃湾站控制完成情况withphotorecord.xlsx,RTU柜,C19,W43A3,W,43,A3,base,W43A3
荃湾站控制完成情况withphotorecord.xlsx,RTU柜,C20,W41A3,W,41,A3,base,W41A3
荃湾站控制完成情况withphotorecord.xlsx,RTU柜,C21,W42A3,W,42,A3,base,W42A3
荃湾站控制完成情况withphotorecord.xlsx,RTU柜,C22,X28A3,X,28,A3,base,X28A3
荃湾站控制完成情况withphotorecord.xlsx,RTU柜,C23,X30A3,X,30,A3,base,X30A3
荃湾站控制完成情况withphotorecord.xlsx,RTU柜,C24,W43C,W,43,C,base,W43C
荃湾站控制完成情况withphotorecord.xlsx,RTU柜,C25,W41C,W,41,C,base,W41C
荃湾站控制完成情况withphotorecord.xlsx,RTU柜,C26,W42C,W,42,C,base,W42C
荃湾站控制完成情况withphotorecord.xlsx,RTU柜,C27,X12C2,X,12,C2,extended,X12C2
荃湾站控制完成情况withphotorecord.xlsx,RTU柜,C28,X14C2,X,14,C2,extended,X14C2
荃湾站控制完成情况withphotorecord.xlsx,RTU柜,C29,X20A2,X,20,A2,base,X20A2
荃湾站控制完成情况withphotorecord.xlsx,RTU柜,C30,X22A2,X,22,A2,base,X22A2
荃湾站控制完成情况withphotorecord.xlsx,RTU柜,C31,X10,X,10,,base,X10
荃湾站控制完成情况withphotorecord.xlsx,RTU柜,C32,X8,X,8,,base,X8
荃湾站控制完成情况withphotorecord.xlsx,RTU柜,C33,X6,X,6,,base,X6
荃湾站控制完成情况withphotorecord.xlsx,RTU柜,C34,X4,X,4,,base,X4
荃湾站控制完成情况withphotorecord.xlsx,高压柜208,B3,K9,K,9,,base,K9
荃湾站控制完成情况withphotorecord.xlsx,高压柜208,B4,K21,K,21,,base,K21
荃湾站控制完成情况withphotorecord.xlsx,高压柜208,B5,K41,K,41,,base,K41
荃湾站控制完成情况withphotorecord.xlsx,高压柜208,B6,K53,K,53,,base,K53
荃湾站控制完成情况withphotorecord.xlsx,高压柜208,B7,K33,K,33,,base,K33
荃湾站控制完成情况withphotorecord.xlsx,高压柜208,B8,K3,K,3,,base,K3
荃湾站控制完成情况withphotorecord.xlsx,高压柜208,B9,K1,K,1,,base,K1
荃湾站控制完成情况withphotorecord.xlsx,母联506,C3,K41C,K,41,C,base,K41C
荃湾站控制完成情况withphotorecord.xlsx,母联506,C4,K45C,K,45,C,base,K45C
荃湾站控制完成情况withphotorecord.xlsx,母联506,C5,K15C,K,15,C,base,K15C
荃湾站控制完成情况withphotorecord.xlsx,母联506,C6,K17C,K,17,C,base,K17C
荃湾站控制完成情况withphotorecord.xlsx,母联506,C7,K19C,K,19,C,base,K19C
荃湾站控制完成情况withphotorecord.xlsx,母联506,C8,K21C,K,21,C,base,K21C
荃湾站控制完成情况withphotorecord.xlsx,母联506,C9,K35C,K,35,C,base,K35C
荃湾站控制完成情况withphotorecord.xlsx,母联506,C10,K37C,K,37,C,base,K37C
荃湾站控制完成情况withphotorecord.xlsx,母联506,C11,K39C,K,39,C,base,K39C
荃湾站控制完成情况withphotorecord.xlsx,母联506,C12,K59C,K,59,C,base,K59C
荃湾站控制完成情况withphotorecord.xlsx,母联506,C13,K17A2,K,17,A2,base,K17A2
荃湾站控制完成情况withphotorecord.xlsx,母联506,C14,K19A2,K,19,A2,base,K19A2
荃湾站控制完成情况withphotorecord.xlsx,母联506,C15,X16A2,X,16,A2,base,X16A2
荃湾站控制完成情况withphotorecord.xlsx,母联506,C16,K41A3,K,41,A3,base,K41A3
荃湾站控制完成情况withphotorecord.xlsx,母联506,C17,K45A3,K,45,A3,base,K45A3
荃湾站控制完成情况withphotorecord.xlsx,母联506,C18,K17B2,K,17,B2,base,K17B2
荃湾站控制完成情况withphotorecord.xlsx,母联506,C19,K19B2,K,19,B2,base,K19B2
荃湾站控制完成情况withphotorecord.xlsx,母联506,C20,K23B2,K,23,B2,base,K23B2
荃湾站控制完成情况withphotorecord.xlsx,母联506,C21,K15B3,K,15,B3,base,K15B3
荃湾站控制完成情况withphotorecord.xlsx,母联506,C22,K17B3,K,17,B3,base,K17B3
荃湾站控制完成情况withphotorecord.xlsx,母联506,C23,K41B3,K,41,B3,base,K41B3
荃湾站控制完成情况withphotorecord.xlsx,母联506,C24,K45B3,K,45,B3,base,K45B3
荃湾站控制完成情况withphotorecord.xlsx,母联506,C25,K9B1,K,9,B1,base,K9B1
荃湾站控制完成情况withphotorecord.xlsx,母联506,C26,K21B1,K,21,B1,base,K21B1
荃湾站控制完成情况withphotorecord.xlsx,母联506,C27,U1,U,1,,base,U1
荃湾站控制完成情况withphotorecord.xlsx,母联506,C28,U2,U,2,,base,U2
荃湾站控制完成情况withphotorecord.xlsx,母联506,C29,U3,U,3,,base,U3
荃湾站控制完成情况withphotorecord.xlsx,低压柜503,C3,H1,H,1,,base,H1
荃湾站控制完成情况withphotorecord.xlsx,低压柜503,C4,H2,H,2,,base,H2
荃湾站控制完成情况withphotorecord.xlsx,低压柜503,C5,J1,J,1,,base,J1
荃湾站控制完成情况withphotorecord.xlsx,低压柜503,C6,J2,J,2,,base,J2
荃湾站控制完成情况withphotorecord.xlsx,低压柜503,C7,J3,J,3,,base,J3
荃湾站控制完成情况withphotorecord.xlsx,低压柜503,C8,J4,J,4,,base,J4
荃湾站控制完成情况withphotorecord.xlsx,低压柜503,C9,K111A2,K,111,A2,base,K111A2
荃湾站控制完成情况withphotorecord.xlsx,低压柜503,C10,K113A2,K,113,A2,base,K113A2
荃湾站控制完成情况withphotorecord.xlsx,低压柜503,C13,K111C2,K,111,C2,extended,K111C2
荃湾站控制完成情况withphotorecord.xlsx,低压柜503,C14,K113C2,K,113,C2,extended,K113C2
荃湾站控制完成情况withphotorecord.xlsx,低压柜503,C17,K9,K,9,,base,K9
荃湾站控制完成情况withphotorecord.xlsx,低压柜503,C18,K21,K,21,,base,K21
荃湾站控制完成情况withphotorecord.xlsx,低压柜503,C19,K1,K,1,,base,K1
荃湾站控制完成情况withphotorecord.xlsx,低压柜503,C20,K3,K,3,,base,K3
荃湾站控制完成情况withphotorecord.xlsx,低压柜503,C21,K33,K,33,,base,K33
荃湾站控制完成情况withphotorecord.xlsx,低压柜503,C22,K41,K,41,,base,K41
荃湾站控制完成情况withphotorecord.xlsx,低压柜503,C23,K41,K,41,,base,K41
荃湾站控制完成情况withphotorecord.xlsx,低压柜503,C24,K53,K,53,,base,K53
荃湾站控制完成情况withphotorecord.xlsx,低压柜503,C25,K57,K,57,,base,K57
荃湾站控制完成情况withphotorecord.xlsx,低压柜503,C30,K41,K,41,,base,K41
荃湾站控制完成情况withphotorecord.xlsx,低压柜503,C31,K41,K,41,,base,K41.A
荃湾站控制完成情况withphotorecord.xlsx,低压柜503,C32,X110,X,110,,base,X110
荃湾站控制完成情况withphotorecord.xlsx,低压柜503,C33,X114,X,114,,base,X114
荃湾站控制完成情况withphotorecord.xlsx,低压柜503,C34,X4,X,4,,base,X4
荃湾站控制完成情况withphotorecord.xlsx,低压柜503,C35,X6,X,6,,base,X6
荃湾站控制完成情况withphotorecord.xlsx,低压柜503,C36,X8,X,8,,base,X8
荃湾站控制完成情况withphotorecord.xlsx,低压柜503,C37,X10,X,10,,base,X10
荃湾站控制完成情况withphotorecord.xlsx,低压柜503,C38,X12C2,X,12,C2,extended,X12C2
荃湾站控制完成情况withphotorecord.xlsx,低压柜503,C39,X14C2,X,14,C2,extended,X14C2
荃湾站控制完成情况withphotorecord.xlsx,低压柜503,C40,X20A2,X,20,A2,base,X20A2
荃湾站控制完成情况withphotorecord.xlsx,低压柜503,C41,X22A2,X,22,A2,base,X22A2
荃湾站控制完成情况withphotorecord.xlsx,低压柜503,C42,X28A3,X,28,A3,base,X28A3
荃湾站控制完成情况withphotorecord.xlsx,低压柜503,C43,X30A3,X,30,A3,base,X30A3
荃湾站控制完成情况withphotorecord.xlsx,低压柜503,C44,W41A3,W,41,A3,base,W41A3
荃湾站控制完成情况withphotorecord.xlsx,低压柜503,C45,W42A3,W,42,A3,base,W42A3
荃湾站控制完成情况withphotorecord.xlsx,低压柜503,C46,W43A3,W,43,A3,base,W43A3
荃湾站控制完成情况withphotorecord.xlsx,低压柜503,C47,W41C,W,41,C,base,W41C
荃湾站控制完成情况withphotorecord.xlsx,低压柜503,C48,W42C,W,42,C,base,W42C
荃湾站控制完成情况withphotorecord.xlsx,低压柜503,C49,W43C,W,43,C,base,W43C
荃湾站控制完成情况withphotorecord.xlsx,低压柜507,C26,X1,X,1,,base,X1
荃湾站控制完成情况withphotorecord.xlsx,低压柜507,C27,X2,X,2,,base,X2
荃湾站控制完成情况withphotorecord.xlsx,低压柜507,C28,X3,X,3,,base,X3
荃湾站控制完成情况withphotorecord.xlsx,低压柜507,C29,X4,X,4,,base,X4
荃湾站控制完成情况withphotorecord.xlsx,低压柜507,C30,X5,X,5,,base,X5
荃湾站控制完成情况withphotorecord.xlsx,低压柜507,C31,X6,X,6,,base,X6
荃湾站控制完成情况withphotorecord.xlsx,低压柜507,C32,X7,X,7,,base,X7
荃湾站控制完成情况withphotorecord.xlsx,低压柜507,C33,X8,X,8,,base,X8
荃湾站控制完成情况withphotorecord.xlsx,低压柜507,C34,X9,X,9,,base,X9
荃湾站控制完成情况withphotorecord.xlsx,低压柜507,C35,X10,X,10,,base,X10
荃湾站控制完成情况withphotorecord.xlsx,低压柜507,C38,W41P,W,41,P,extended,W41P
荃湾站控制完成情况withphotorecord.xlsx,低压柜507,C39,W43P,W,43,P,extended,W43P
荃湾站控制完成情况withphotorecord.xlsx,低压柜507,C40,W42P,W,42,P,extended,W42P
葵芳站现场端子排withPhotoRecord.xlsx,低压柜501,B3,H1,H,1,,base,H1
葵芳站现场端子排withPhotoRecord.xlsx,低压柜501,B4,H2,H,2,,base,H2
葵芳站现场端子排withPhotoRecord.xlsx,低压柜501,B5,J1,J,1,,base,J1
葵芳站现场端子排withPhotoRecord.xlsx,低压柜501,B6,J2,J,2,,base,J2
葵芳站现场端子排withPhotoRecord.xlsx,低压柜501,B7,J3,J,3,,base,J3
葵芳站现场端子排withPhotoRecord.xlsx,低压柜501,B8,J4,J,4,,base,J4
葵芳站现场端子排withPhotoRecord.xlsx,低压柜501,B9,K111B2,K,111,B2,base,K111B2
葵芳站现场端子排withPhotoRecord.xlsx,低压柜501,B10,K113B2,K,113,B2,base,K113B2
葵芳站现场端子排withPhotoRecord.xlsx,低压柜501,B11,K115B2,K,115,B2,base,K115B2
葵芳站现场端子排withPhotoRecord.xlsx,低压柜501,B12,K117B2,K,117,B2,base,K117B2
葵芳站现场端子排withPhotoRecord.xlsx,低压柜501,B13,K9B1,K,9,B1,base,K9B1
葵芳站现场端子排withPhotoRecord.xlsx,低压柜501,B14,K21B1,K,21,B1,base,K21B1
葵芳站现场端子排withPhotoRecord.xlsx,低压柜501,B15,K1B1,K,1,B1,base,K1B1
葵芳站现场端子排withPhotoRecord.xlsx,低压柜501,B16,K3B1,K,3,B1,base,K3B1
葵芳站现场端子排withPhotoRecord.xlsx,低压柜501,B17,K33B1,K,33,B1,base,K33B1
葵芳站现场端子排withPhotoRecord.xlsx,低压柜501,B18,K41,K,41,,base,K41
葵芳站现场端子排withPhotoRecord.xlsx,低压柜501,B19,K41,K,41,,base,K41(红色）
葵芳站现场端子排withPhotoRecord.xlsx,低压柜501,B20,K53,K,53,,base,K53
葵芳站现场端子排withPhotoRecord.xlsx,低压柜501,B21,K57,K,57,,base,K57
葵芳站现场端子排withPhotoRecord.xlsx,低压柜501,B24,X110,X,110,,base,X110
葵芳站现场端子排withPhotoRecord.xlsx,低压柜501,B25,X114,X,114,,base,X114
葵芳站现场端子排withPhotoRecord.xlsx,低压柜501,B26,X4,X,4,,base,X4
葵芳站现场端子排withPhotoRecord.xlsx,低压柜501,B27,X6,X,6,,base,X6
葵芳站现场端子排withPhotoRecord.xlsx,低压柜501,B28,X8,X,8,,base,X8
葵芳站现场端子排withPhotoRecord.xlsx,低压柜501,B29,X10,X,10,,base,X10
葵芳站现场端子排withPhotoRecord.xlsx,低压柜501,B30,X18B2,X,18,B2,base,X18B2
葵芳站现场端子排withPhotoRecord.xlsx,低压柜501,B31,X24B3,X,24,B3,base,X24B3
葵芳站现场端子排withPhotoRecord.xlsx,低压柜501,B32,X26B3,X,26,B3,base,X26B3
葵芳站现场端子排withPhotoRecord.xlsx,低压柜501,B33,X32B2,X,32,B2,base,X32B2
葵芳站现场端子排withPhotoRecord.xlsx,低压柜501,B34,X34B2,X,34,B2,base,X34B2
葵芳站现场端子排withPhotoRecord.xlsx,低压柜501,B35,X36D,X,36,D,base,X36D
葵芳站现场端子排withPhotoRecord.xlsx,低压柜501,B36,X38D,X,38,D,base,X38D
葵芳站现场端子排withPhotoRecord.xlsx,低压柜501,B37,W41B3,W,41,B3,base,W41B3
葵芳站现场端子排withPhotoRecord.xlsx,低压柜501,B38,W42B3,W,42,B3,base,W42B3
葵芳站现场端子排withPhotoRecord.xlsx,低压柜501,B39,W43B3,W,43,B3,base,W43B3
葵芳站现场端子排withPhotoRecord.xlsx,低压柜501,B40,K23B2,K,23,B2,base,K23B2
葵芳站现场端子排withPhotoRecord.xlsx,低压柜501,B41,K17B2,K,17,B2,base,K17B2
葵芳站现场端子排withPhotoRecord.xlsx,低压柜501,B42,K19B2,K,19,B2,base,K19B2
葵芳站现场端子排withPhotoRecord.xlsx,低压柜501,B43,X16A2,X,16,A2,base,X16A2
葵芳站现场端子排withPhotoRecord.xlsx,低压柜501,B44,K17A2,K,17,A2,base,K17A2
葵芳站现场端子排withPhotoRecord.xlsx,低压柜501,B45,K19A2,K,19,A2,base,K19A2
葵芳站现场端子排withPhotoRecord.xlsx,低压柜501,B46,K35C,K,35,C,base,K35C
葵芳站现场端子排withPhotoRecord.xlsx,低压柜501,B47,K19C,K,19,C,base,K19C
葵芳站现场端子排withPhotoRecord.xlsx,低压柜501,B48,K17C,K,17,C,base,K17C
葵芳站现场端子排withPhotoRecord.xlsx,低压柜501,B49,K41C,K,41,C,base,K41C
葵芳站现场端子排withPhotoRecord.xlsx,低压柜501,B50,K45C,K,45,C,base,K45C
葵芳站现场端子排withPhotoRecord.xlsx,低压柜501,B51,K15C,K,15,C,base,K15C
葵芳站现场端子排withPhotoRecord.xlsx,低压柜501,B52,K21C,K,21,C,base,K21C
葵芳站现场端子排withPhotoRecord.xlsx,低压柜501,B53,K59C,K,59,C,base,K59C
葵芳站现场端子排withPhotoRecord.xlsx,低压柜501,B54,K37C,K,37,C,base,K37C
葵芳站现场端子排withPhotoRecord.xlsx,低压柜501,B55,K39C,K,39,C,base,K39C
葵芳站现场端子排withPhotoRecord.xlsx,低压柜501,B56,K41A3,K,41,A3,base,K41A3
葵芳站现场端子排withPhotoRecord.xlsx,低压柜501,B57,K45A3,K,45,A3,base,K45A3
葵芳站现场端子排withPhotoRecord.xlsx,低压柜501,B58,K15B3,K,15,B3,base,K15B3
葵芳站现场端子排withPhotoRecord.xlsx,低压柜501,B59,K17B3,K,17,B3,base,K17B3
葵芳站现场端子排withPhotoRecord.xlsx,低压柜501,B60,K41B3,K,41,B3,base,K41B3
葵芳站现场端子排withPhotoRecord.xlsx,低压柜501,B61,K45B3,K,45,B3,base,K45B3
葵芳站现场端子排withPhotoRecord.xlsx,低压柜501,B62,K9B1,K,9,B1,base,K9B1
葵芳站现场端子排withPhotoRecord.xlsx,低压柜501,B63,K21B1,K,21,B1,base,K21B1
葵芳站现场端子排withPhotoRecord.xlsx,高压柜301,B3,U1,U,1,,base,U1
葵芳站现场端子排withPhotoRecord.xlsx,高压柜301,B4,U2,U,2,,base,U2
葵芳站现场端子排withPhotoRecord.xlsx,高压柜301,B13,J1,J,1,,base,J1
葵芳站现场端子排withPhotoRecord.xlsx,高压柜301,B14,J2,J,2,,base,J2
葵芳站现场端子排withPhotoRecord.xlsx,高压柜301,B15,J3,J,3,,base,J3(红色粗）
葵芳站现场端子排withPhotoRecord.xlsx,高压柜301,B16,J4,J,4,,base,J4（黑色粗）
葵芳站现场端子排withPhotoRecord.xlsx,高压柜301,B17,X110,X,110,,base,X110
葵芳站现场端子排withPhotoRecord.xlsx,高压柜301,B18,X114,X,114,,base,X114
葵芳站现场端子排withPhotoRecord.xlsx,高压柜301,B19,H1,H,1,,base,H1
葵芳站现场端子排withPhotoRecord.xlsx,高压柜301,B20,H2,H,2,,base,H2
葵芳站现场端子排withPhotoRecord.xlsx,高压柜301,B21,K9,K,9,,base,K9
葵芳站现场端子排withPhotoRecord.xlsx,高压柜301,B22,K21,K,21,,base,K21
葵芳站现场端子排withPhotoRecord.xlsx,高压柜301,B27,W2,W,2,,base,W2
葵芳站现场端子排withPhotoRecord.xlsx,高压柜301,B28,W3,W,3,,base,W3
葵芳站现场端子排withPhotoRecord.xlsx,高压柜301,B29,W5,W,5,,base,W5
葵芳站现场端子排withPhotoRecord.xlsx,高压柜301,B30,K41,K,41,,base,K41
葵芳站现场端子排withPhotoRecord.xlsx,高压柜301,B31,K53,K,53,,base,K53
葵芳站现场端子排withPhotoRecord.xlsx,高压柜301,B33,K33,K,33,,base,K33
葵芳站现场端子排withPhotoRecord.xlsx,高压柜301,B34,K33,K,33,,base,K33(红色）
葵芳站现场端子排withPhotoRecord.xlsx,高压柜301,B35,K3,K,3,,base,K3
葵芳站现场端子排withPhotoRecord.xlsx,高压柜301,B36,K1,K,1,,base,K1
葵芳站现场端子排withPhotoRecord.xlsx,高压柜301,B37,K1,K,1,,base,K1
葵芳站现场端子排withPhotoRecord.xlsx,高压柜301,B38,K1,K,1,,base,K1
葵芳站现场端子排withPhotoRecord.xlsx,高压柜301,B39,K135,K,135,,base,K135
葵芳站现场端子排withPhotoRecord.xlsx,RTU,B3,W43B3,W,43,B3,base,W43B3/502
葵芳站现场端子排withPhotoRecord.xlsx,RTU,B4,X41B3,X,41,B3,base,X41B3/502
葵芳站现场端子排withPhotoRecord.xlsx,RTU,B5,W42B3,W,42,B3,base,W42B3/502
葵芳站现场端子排withPhotoRecord.xlsx,RTU,B6,X24B3,X,24,B3,base,X24B3/502
葵芳站现场端子排withPhotoRecord.xlsx,RTU,B7,X26B3,X,26,B3,base,X26B3/502
葵芳站现场端子排withPhotoRecord.xlsx,RTU,B8,W43A3,W,43,A3,base,W43A3/502
葵芳站现场端子排withPhotoRecord.xlsx,RTU,B9,W41A3,W,41,A3,base,W41A3/502
葵芳站现场端子排withPhotoRecord.xlsx,RTU,B10,W42A3,W,42,A3,base,W42A3/502
葵芳站现场端子排withPhotoRecord.xlsx,RTU,B11,X28A3,X,28,A3,base,X28A3/502
葵芳站现场端子排withPhotoRecord.xlsx,RTU,B12,X30A3,X,30,A3,base,X30A3/502
葵芳站现场端子排withPhotoRecord.xlsx,RTU,B13,W43C,W,43,C,base,W43C/506
葵芳站现场端子排withPhotoRecord.xlsx,RTU,B14,W41C,W,41,C,base,W41C/506
葵芳站现场端子排withPhotoRecord.xlsx,RTU,B15,W42C,W,42,C,base,W42C/506
葵芳站现场端子排withPhotoRecord.xlsx,RTU,B16,X12C,X,12,C,base,X12C/506
葵芳站现场端子排withPhotoRecord.xlsx,RTU,B17,X14C,X,14,C,base,X14C/506
葵芳站现场端子排withPhotoRecord.xlsx,RTU,B18,X34B2,X,34,B2,base,X34B2/501
葵芳站现场端子排withPhotoRecord.xlsx,RTU,B19,X32B2,X,32,B2,base,X32B2/501
葵芳站现场端子排withPhotoRecord.xlsx,RTU,B20,X36D,X,36,D,base,X36D
葵芳站现场端子排withPhotoRecord.xlsx,RTU,B21,X38D,X,38,D,base,X38D
葵芳站现场端子排withPhotoRecord.xlsx,RTU,B22,X20A2,X,20,A2,base,X20A2/503
葵芳站现场端子排withPhotoRecord.xlsx,RTU,B23,X22A2,X,22,A2,base,X22A2/503
葵芳站现场端子排withPhotoRecord.xlsx,RTU,B24,X10,X,10,,base,X10
葵芳站现场端子排withPhotoRecord.xlsx,RTU,B25,X8,X,8,,base,X8
葵芳站现场端子排withPhotoRecord.xlsx,RTU,B26,X6,X,6,,base,X6
葵芳站现场端子排withPhotoRecord.xlsx,RTU,B27,X18B2,X,18,B2,base,X18B2
葵芳站现场端子排withPhotoRecord.xlsx,RTU,B28,X10,X,10,,base,X10
葵芳站现场端子排withPhotoRecord.xlsx,RTU,B29,X8,X,8,,base,X8
葵芳站现场端子排withPhotoRecord.xlsx,RTU,B30,X6,X,6,,base,X6
葵芳站现场端子排withPhotoRecord.xlsx,RTU,B31,X114,X,114,,base,X114
葵芳站现场端子排withPhotoRecord.xlsx,RTU,B32,X110,X,110,,base,X110
葵芳站现场端子排withPhotoRecord.xlsx,RTU,B33,X4,X,4,,base,X4
葵芳站现场端子排withPhotoRecord.xlsx,RTU,B34,X4,X,4,,base,X4
葵芳站现场端子排withPhotoRecord.xlsx,低压柜503,B3,H1,H,1,,base,H1
葵芳站现场端子排withPhotoRecord.xlsx,低压柜503,B5,H2,H,2,,base,H2
葵芳站现场端子排withPhotoRecord.xlsx,低压柜503,B7,J1,J,1,,base,J1
葵芳站现场端子排withPhotoRecord.xlsx,低压柜503,B9,J2,J,2,,base,J2
葵芳站现场端子排withPhotoRecord.xlsx,低压柜503,B11,J3,J,3,,base,J3
葵芳站现场端子排withPhotoRecord.xlsx,低压柜503,B13,J4,J,4,,base,J4
葵芳站现场端子排withPhotoRecord.xlsx,低压柜503,B14,K111A2,K,111,A2,base,K111A2
葵芳站现场端子排withPhotoRecord.xlsx,低压柜503,B15,K113A2,K,113,A2,base,K113A2
葵芳站现场端子排withPhotoRecord.xlsx,低压柜503,B16,K115A2,K,115,A2,base,K115A2
葵芳站现场端子排withPhotoRecord.xlsx,低压柜503,B17,K117A2,K,117,A2,base,K117A2
葵芳站现场端子排withPhotoRecord.xlsx,低压柜503,B18,K9A1,K,9,A1,base,K9A1
葵芳站现场端子排withPhotoRecord.xlsx,低压柜503,B19,K21A1,K,21,A1,base,K21A1
葵芳站现场端子排withPhotoRecord.xlsx,低压柜503,B20,K1A1,K,1,A1,base,K1A1
葵芳站现场端子排withPhotoRecord.xlsx,低压柜503,B21,K3A1,K,3,A1,base,K3A1
葵芳站现场端子排withPhotoRecord.xlsx,低压柜503,B22,K33A1,K,33,A1,base,K33A1
葵芳站现场端子排withPhotoRecord.xlsx,低压柜503,B23,K41,K,41,,base,K41
葵芳站现场端子排withPhotoRecord.xlsx,低压柜503,B24,K41,K,41,,base,K41
葵芳站现场端子排withPhotoRecord.xlsx,低压柜503,B25,K53,K,53,,base,K53
葵芳站现场端子排withPhotoRecord.xlsx,低压柜503,B26,K57,K,57,,base,K57
葵芳站现场端子排withPhotoRecord.xlsx,低压柜503,B31,X110,X,110,,base,X110
葵芳站现场端子排withPhotoRecord.xlsx,低压柜503,B32,X114,X,114,,base,X114
葵芳站现场端子排withPhotoRecord.xlsx,低压柜503,B33,X4,X,4,,base,X4
葵芳站现场端子排withPhotoRecord.xlsx,低压柜503,B34,X6,X,6,,base,X6
葵芳站现场端子排withPhotoRecord.xlsx,低压柜503,B35,X8,X,8,,base,X8
葵芳站现场端子排withPhotoRecord.xlsx,低压柜503,B36,X10,X,10,,base,X10
葵芳站现场端子排withPhotoRecord.xlsx,低压柜503,B37,X12C,X,12,C,base,X12C
葵芳站现场端子排withPhotoRecord.xlsx,低压柜503,B38,X14C,X,14,C,base,X14C
葵芳站现场端子排withPhotoRecord.xlsx,低压柜503,B39,X20A2,X,20,A2,base,X20A2
葵芳站现场端子排withPhotoRecord.xlsx,低压柜503,B40,X22A2,X,22,A2,base,X22A2
葵芳站现场端子排withPhotoRecord.xlsx,低压柜503,B41,X28A3,X,28,A3,base,X28A3
葵芳站现场端子排withPhotoRecord.xlsx,低压柜503,B42,X30A3,X,30,A3,base,X30A3
葵芳站现场端子排withPhotoRecord.xlsx,低压柜503,B43,W41A3,W,41,A3,base,W41A3
葵芳站现场端子排withPhotoRecord.xlsx,低压柜503,B44,W42A3,W,42,A3,base,W42A3
葵芳站现场端子排withPhotoRecord.xlsx,低压柜503,B45,W43A3,W,43,A3,base,W43A3
葵芳站现场端子排withPhotoRecord.xlsx,低压柜503,B46,W41C,W,41,C,base,W41C
葵芳站现场端子排withPhotoRecord.xlsx,低压柜503,B47,W42C,W,42,C,base,W42C
葵芳站现场端子排withPhotoRecord.xlsx,低压柜503,B48,W43C,W,43,C,base,W43C
葵芳站现场端子排withPhotoRecord.xlsx,母联506,B3,K41C,K,41,C,base,K41C
葵芳站现场端子排withPhotoRecord.xlsx,母联506,B4,K45C,K,45,C,base,K45C
葵芳站现场端子排withPhotoRecord.xlsx,母联506,B5,K15C,K,15,C,base,K15C
葵芳站现场端子排withPhotoRecord.xlsx,母联506,B6,K17C,K,17,C,base,K17C
葵芳站现场端子排withPhotoRecord.xlsx,母联506,B7,K19C,K,19,C,base,K19C
葵芳站现场端子排withPhotoRecord.xlsx,母联506,B8,K21C,K,21,C,base,K21C
葵芳站现场端子排withPhotoRecord.xlsx,母联506,B9,K35C,K,35,C,base,K35C
葵芳站现场端子排withPhotoRecord.xlsx,母联506,B10,K37C,K,37,C,base,K37C
葵芳站现场端子排withPhotoRecord.xlsx,母联506,B11,K39C,K,39,C,base,K39C
葵芳站现场端子排withPhotoRecord.xlsx,母联506,B12,K59C,K,59,C,base,K59C
葵芳站现场端子排withPhotoRecord.xlsx,母联506,B13,K17A2,K,17,A2,base,K17A2
葵芳站现场端子排withPhotoRecord.xlsx,母联506,B14,K19A2,K,19,A2,base,K19A2
葵芳站现场端子排withPhotoRecord.xlsx,母联506,B15,X16A2,X,16,A2,base,X16A2
葵芳站现场端子排withPhotoRecord.xlsx,母联506,B16,K41A3,K,41,A3,base,K41A3
葵芳站现场端子排withPhotoRecord.xlsx,母联506,B17,K45A3,K,45,A3,base,K45A3
葵芳站现场端子排withPhotoRecord.xlsx,母联506,B18,K17B2,K,17,B2,base,K17B2
葵芳站现场端子排withPhotoRecord.xlsx,母联506,B19,K19B2,K,19,B2,base,K19B2
葵芳站现场端子排withPhotoRecord.xlsx,母联506,B20,K23B2,K,23,B2,base,K23B2
葵芳站现场端子排withPhotoRecord.xlsx,母联506,B21,K15B3,K,15,B3,base,K15B3
葵芳站现场端子排withPhotoRecord.xlsx,母联506,B22,K17B3,K,17,B3,base,K17B3
葵芳站现场端子排withPhotoRecord.xlsx,母联506,B23,K41B3,K,41,B3,base,K41B3
葵芳站现场端子排withPhotoRecord.xlsx,母联506,B24,K45B3,K,45,B3,base,K45B3
葵芳站现场端子排withPhotoRecord.xlsx,母联506,B25,K9B1,K,9,B1,base,K9B1
葵芳站现场端子排withPhotoRecord.xlsx,母联506,B26,K21B1,K,21,B1,base,K21B1
葵芳站现场端子排withPhotoRecord.xlsx,高压柜302,C3,U1,U,1,,base,U1
葵芳站现场端子排withPhotoRecord.xlsx,高压柜302,C4,U2,U,2,,base,U2
葵芳站现场端子排withPhotoRecord.xlsx,高压柜302,C5,U3,U,3,,base,U3
葵芳站现场端子排withPhotoRecord.xlsx,高压柜302,C6,U4,U,4,,base,U4
葵芳站现场端子排withPhotoRecord.xlsx,高压柜302,C18,J1,J,1,,base,J1
葵芳站现场端子排withPhotoRecord.xlsx,高压柜302,C19,J2,J,2,,base,J2
葵芳站现场端子排withPhotoRecord.xlsx,高压柜302,C20,J3,J,3,,base,J3(红色粗）
葵芳站现场端子排withPhotoRecord.xlsx,高压柜302,C21,J4,J,4,,base,J4（黑色粗）
葵芳站现场端子排withPhotoRecord.xlsx,高压柜302,C24,H1,H,1,,base,H1
葵芳站现场端子排withPhotoRecord.xlsx,高压柜302,C25,H2,H,2,,base,H2
葵芳站现场端子排withPhotoRecord.xlsx,高压柜302,C26,K9A1,K,9,A1,base,K9A1
葵芳站现场端子排withPhotoRecord.xlsx,高压柜302,C27,K21A1,K,21,A1,base,K21A1
葵芳站现场端子排withPhotoRecord.xlsx,高压柜302,C32,W2,W,2,,base,W2
葵芳站现场端子排withPhotoRecord.xlsx,高压柜302,C33,W3,W,3,,base,W3
葵芳站现场端子排withPhotoRecord.xlsx,高压柜302,C34,W5,W,5,,base,W5
葵芳站现场端子排withPhotoRecord.xlsx,高压柜302,C35,K41,K,41,,base,K41
葵芳站现场端子排withPhotoRecord.xlsx,高压柜302,C36,K53,K,53,,base,K53
葵芳站现场端子排withPhotoRecord.xlsx,高压柜302,C37,K33A1,K,33,A1,base,K33A1
葵芳站现场端子排withPhotoRecord.xlsx,高压柜302,C38,K33,K,33,,base,K33(红色）
葵芳站现场端子排withPhotoRecord.xlsx,高压柜302,C39,K3A1,K,3,A1,base,K3A1
葵芳站现场端子排withPhotoRecord.xlsx,高压柜302,C40,K1,K,1,,base,K1(红色）
葵芳站现场端子排withPhotoRecord.xlsx,高压柜302,C41,K1A1,K,1,A1,base,K1A1
葵芳站现场端子排withPhotoRecord.xlsx,高压柜302,C42,K135,K,135,,base,K135
葵芳站现场端子排withPhotoRecord.xlsx,高压柜302,C45,X110,X,110,,base,X110
葵芳站现场端子排withPhotoRecord.xlsx,高压柜302,C46,X114,X,114,,base,X114
